<yas>
<!-- deve definir-se um objeto para raiz da arvore, assim -->
<!-- como o comprimento dos tres eixos (cilindros) -->
<scene root="ss" axis_length="ff" />
<views default="ss" >
<!-- tem de existir, pelo menos, uma vista de -->
<!-- entre as seguintes (perspective ou ortho) -->
<perspective id="ss" near="ff" far="ff" angle="ff">
<from x="ff" y="ff" z="ff" />
<to x="ff" y="ff" z="ff" />
</perspective>
<ortho id="ss"
</views>
near="ff" far="ff"
left="ff" right="ff" top="ff" bottom="ff" /><ambient>
<ambient r="ff" g="ff" b="ff" a="ff" />
<background r="ff" g="ff" b="ff" a="ff" />
</ambient>
<lights>
<!-- Deve existir um ou mais blocos "omni" ou "spot" -->
<!-- Os identificadores "id" nao podem ser repetidos -->
<omni id="ss" enabled="tt" >
<location x="ff" y="ff" z="ff" w="ff" />
<ambient r="ff" g="ff" b="ff" a="ff" />
<diffuse r="ff" g="ff" b="ff" a="ff" />
<specular r="ff" g="ff" b="ff" a="ff" />
</omni>
<spot id="ss" enabled="tt" angle="ff" exponent="ff">
<!-- atencao, "target" e' diferente de "direction" -->
<location x="ff" y="ff" z="ff" w=”ff” />
<target x="ff" y="ff" z="ff" />
<ambient r="ff" g="ff" b="ff" a="ff" />
<diffuse r="ff" g="ff" b="ff" a="ff" />
<specular r="ff" g="ff" b="ff" a="ff" />
</spot>
</lights>
<textures>
<!-- Deve existir um ou mais blocos "texture" -->
<!-- Os identificadores "id" nao podem ser repetidos -->
<texture id="ss" file="ss" />
</textures>
<materials>
<!-- Deve existir um ou mais blocos "material" -->
<!-- Os identificadores "id" nao podem ser repetidos -->
<material id="ss" shininess = "ff" >
<emission r="ff" g="ff" b="ff" a="ff" />
<ambient r="ff" g="ff" b="ff" a="ff" />
<diffuse r="ff" g="ff" b="ff" a="ff" />
<specular r="ff" g="ff" b="ff" a="ff" />
</material>
</materials>
<transformations><!-- Deve existir um ou mais blocos "transformation" -->
<!-- Os identificadores "id" nao podem ser repetidos -->
<!-- Os angulos sao expressos em graus -->
<transformation id="ss">
<!-- instrucoes a usar sem limite nem ordem -->
<!-- deve existir pelo menos uma transformacao -->
<translate x="ff" y="ff" z="ff" />
<rotate axis="cc" angle="ff" />
<scale x="ff" y="ff" z="ff" />
</transformation>
</transformations>
<primitives>
<!-- Uma "primitive" e' uma primitiva e pode ser usada em nos folha -->
<!-- Deve existir um ou mais blocos "primitive" -->
<!-- Os identificadores "id" nao podem ser repetidos -->
<primitive id="ss">
<!-- apenas pode existir UMA das seguintes tags: -->
<!--
rectangle, triangle, cylinder, sphere, torus -->
<!-- os parametros devem ser interpretados, genericamente, -->
<!-- como em WebGL; o cilindro deve adicionalmente ter tampas -->
<rectangle x1="ff" y1="ff" x2="ff" y2="ff" />
<triangle
x1="ff" y1="ff" z1="ff"
x2="ff" y2="ff" z2="ff"
x3="ff" y3="ff" z3="ff" />
<cylinder base="ff" top="ff" height="ff" slices="ii" stacks="ii" />
<sphere radius="ff" slices="ii" stacks="ii" />
<torus inner="ff" outer="ff" slices="ii" loops="ii" />
</primitive >
</primitives >
<components>
<component id="ss">
<!-- Uma "component" e' um objeto composto e pode ser -->
<!--
usada em nos intermédios -->
<!-- bloco "transformation" e' obrigatorio -->
<transformation>
<!-- deve conter uma referencia a uma das "transformation" -->
<!-- declaradas anteriormente -->
<transformationref id="ss" />
<!-- ou, ALTERNATIVAMENTE, transformacoes explicitas, -->
<!-- usando zero ou mais das instrucoes seguintes, sem -->
<!--
limite nem ordem --><!-- ex: bloco transformation pode ficar sem conteudo -->
<translate x="ff" y="ff" z="ff" />
<rotate axis="cc" angle="ff" />
<scale x="ff" y="ff" z="ff" />
</transformation>
<!--
<!--
<!--
<!--
<!--
<!--
declaracao obrigatoria de pelo menos um material; -->
o material id="inherit", mantem (herda) material do "pai" -->
se varios materiais declarados, o default e' o -->
primeiro material; de cada vez que se pressione a tecla m/M, -->
o material muda para o proximo material da lista; do -->
ultimo material da lista volta ao primeiro -->
<materials>
<material id="ss" />
</materials>
<!-- declaracao obrigatoria de texture -->
<!-- id="inherit" mantem (herda) a textura do objecto "pai" -->
<!-- id="none" remove a textura recebida do pai -->
<!-- a textura declarada sobrepoe a textura recebida do -->
<!-- objecto "pai" -->
<!-- length_s e length_t sao fatores de escala de textura:-->
<!-- Exemplo length_s=3.0: uma ocorrencia da textura, em -->
<!-- comprimento, deve cobrir um comprimento igual -->
<!-- a 3 unidades; -->
<!-- Exemplo length_t=0.4, uma ocorrencia da textura, em -->
<!-- largura, deve cobrir uma largura igual a 0.4 unidades. -->
<!-- E' permitido que objetos afetados por Transf. Geometr. -->
<!-- do tipo escalamento violem esta regra.
-->
<!-- Nao e' necessario aplicar fatores de escala em -->
<!-- quadricas (esfera, cilindro...) -->
<texture id="ss" length_s="ff" length_t="ff" />
<!-- bloco "children" obrigatorio num "component" -->
<children>
<!-- deve existir uma ou mais tags "componentref" e/ou -->
<!-- "primitiveref", identificando outros -->
<!-- componentes ou primitivas -->
<componentref id="ss" />
<primitiveref id="ss" />
</children>
</component>
</components>
</yas>